City_ID,City,Country,Lat,Lng,Max Temp,Humidity,Cloudiness,Wind Speed,Current Description
0,Albany,US,42.6001,-73.9662,9.0,51,2,1.01,clear sky
1,Okhotsk,RU,59.3833,143.3,-8.07,85,0,8.93,clear sky
2,Ilhabela,BR,-23.7781,-45.3581,79.48,74,100,2.82,overcast clouds
3,Atuona,PF,-9.8,-139.0333,78.58,76,5,18.03,clear sky
4,Avarua,CK,-21.2078,-159.775,78.8,83,2,3.44,clear sky
5,Vestmannaeyjar,IS,63.4427,-20.2734,34.68,85,100,10.16,overcast clouds
6,Aklavik,CA,68.2191,-135.0107,-29.2,68,96,3.44,overcast clouds
7,Ostrovnoy,RU,68.0531,39.5131,9.09,94,100,17.09,light snow
8,Punta Arenas,CL,-53.15,-70.9167,46.4,87,90,9.22,overcast clouds
9,Zaozerne,UA,45.1582,33.2787,46.99,62,93,7.0,overcast clouds
10,Mocuba,MZ,-16.8392,36.9856,79.25,89,93,2.24,overcast clouds
11,Mangrol,IN,21.1167,70.1167,76.12,22,23,7.87,few clouds
12,Kodiak,US,57.79,-152.4072,33.8,60,1,13.8,clear sky
13,Hobart,AU,-42.8794,147.3294,72.0,63,40,20.71,scattered clouds
14,Bathsheba,BB,13.2167,-59.5167,77.0,73,40,11.5,scattered clouds
15,American Canyon,US,38.1749,-122.2608,48.0,87,40,3.44,scattered clouds
16,Omboue,GA,-1.5746,9.2618,77.14,90,99,5.12,light rain
17,Tuktoyaktuk,CA,69.4541,-133.0374,-38.2,74,1,2.3,clear sky
18,Nome,US,64.5011,-165.4064,-5.8,65,1,21.85,clear sky
19,Port Alfred,ZA,-33.5906,26.891,69.01,78,28,3.0,scattered clouds
20,Kilgore,US,32.3863,-94.8758,53.01,71,75,9.22,broken clouds
21,Vaini,TO,-21.2,-175.2,78.8,94,90,5.75,light rain
22,Lasa,IT,46.6166,10.7002,30.0,86,0,4.61,clear sky
23,Upernavik,GL,72.7868,-56.1549,-8.81,86,13,9.71,few clouds
24,Rikitea,PF,-23.1203,-134.9692,79.45,76,36,11.1,light rain
25,Hilo,US,19.7297,-155.09,71.6,83,90,4.47,light rain
26,Wexford,IE,52.3342,-6.4575,44.01,98,100,14.0,moderate rain
27,Bluff,NZ,-46.6,168.3333,54.19,75,0,13.6,clear sky
28,Henties Bay,NA,-22.116,14.2845,68.0,80,86,5.01,overcast clouds
29,Arraial Do Cabo,BR,-22.9661,-42.0278,76.39,85,58,23.89,broken clouds
30,Sorland,NO,67.667,12.6934,29.79,88,56,7.74,broken clouds
31,Cabo San Lucas,MX,22.8909,-109.9124,66.2,77,1,2.3,clear sky
32,Balkanabat,TM,39.5108,54.3671,55.98,39,100,3.13,overcast clouds
33,Pevek,RU,69.7008,170.3133,-29.49,86,38,4.61,scattered clouds
34,Bredasdorp,ZA,-34.5322,20.0403,66.99,82,83,7.72,broken clouds
35,Fairbanks,US,64.8378,-147.7164,0.0,76,1,2.59,clear sky
36,Hithadhoo,MV,-0.6,73.0833,82.02,76,57,13.85,broken clouds
37,Mazagao,BR,-0.115,-51.2894,77.0,100,75,3.44,broken clouds
38,Clyde River,CA,70.4692,-68.5914,-22.0,76,1,5.75,clear sky
39,Mar Del Plata,AR,-38.0023,-57.5575,66.99,88,75,5.75,broken clouds
40,Chernyshevskiy,RU,63.0128,112.4714,-36.89,82,89,4.47,overcast clouds
41,Victoria,HK,22.2855,114.1577,68.0,65,0,1.99,clear sky
42,Arman,RU,59.7,150.1667,-15.0,77,39,13.18,scattered clouds
43,Concepcion Del Oro,MX,24.6333,-101.4167,50.58,48,20,3.98,few clouds
44,Cape Town,ZA,-33.9258,18.4232,73.0,64,75,5.75,broken clouds
45,East London,ZA,-33.0153,27.9116,71.6,78,20,6.91,few clouds
46,Urengoy,RU,65.9667,78.3667,-37.57,79,1,1.45,clear sky
47,Busselton,AU,-33.65,115.3333,91.0,32,0,4.0,clear sky
48,Hachinohe,JP,40.5,141.5,28.0,71,65,5.01,broken clouds
49,Nanortalik,GL,60.1432,-45.2371,33.08,89,99,8.84,overcast clouds
50,Puerto Ayora,EC,-0.7393,-90.3518,78.01,92,28,5.99,scattered clouds
51,Carnarvon,AU,-24.8667,113.6333,91.4,58,0,14.97,clear sky
52,Nikolskoye,RU,59.7035,30.7861,30.2,93,90,6.71,light snow
53,Mataura,NZ,-46.1927,168.8643,64.18,53,0,3.53,clear sky
54,Tautira,PF,-17.7333,-149.15,80.6,69,75,3.44,broken clouds
55,Ilulissat,GL,69.2167,-51.1,1.4,55,0,6.91,clear sky
56,Cidreira,BR,-30.1811,-50.2056,74.64,89,9,5.68,clear sky
57,Vazante,BR,-17.9869,-46.9078,68.49,74,100,1.54,overcast clouds
58,Koulikoro,ML,14.0,-7.75,64.72,24,27,9.89,scattered clouds
59,Saskylakh,RU,71.9167,114.0833,-37.88,76,0,4.43,clear sky
60,Praia Da Vitoria,PT,38.7333,-27.0667,61.0,88,40,18.34,scattered clouds
61,West Plains,US,36.7281,-91.8524,39.2,70,1,9.22,clear sky
62,Ayan,RU,56.45,138.1667,-3.33,87,100,3.38,overcast clouds
63,Torbat-E Jam,IR,35.244,60.6225,54.19,35,71,6.53,broken clouds
64,Dikson,RU,73.5069,80.5464,-34.76,83,87,8.75,overcast clouds
65,Yeniseysk,RU,58.4497,92.1703,-21.73,82,78,4.18,broken clouds
66,Corrales,US,35.2378,-106.6067,44.01,57,91,7.0,overcast clouds
67,Kapaa,US,22.0752,-159.319,73.4,78,75,20.71,light rain
68,Broome,US,42.2506,-75.833,10.99,85,90,5.75,light snow
69,Chuy,UY,-33.6971,-53.4616,66.9,94,14,2.37,few clouds
70,Vao,NC,-22.6667,167.4833,76.1,75,21,19.71,few clouds
71,Diamantino,BR,-14.4086,-56.4461,72.18,82,100,3.62,moderate rain
72,Miyako,JP,39.6367,141.9525,32.2,81,1,22.59,clear sky
73,Honningsvag,NO,70.9821,25.9704,26.85,94,100,17.65,overcast clouds
74,Chapais,CA,49.7834,-74.8492,-2.2,84,90,5.75,light snow
75,Chingirlau,KZ,51.095,54.0814,28.42,98,87,2.21,overcast clouds
76,Batsfjord,NO,70.6345,29.7185,25.09,96,100,19.75,light snow
77,Kavieng,PG,-2.5744,150.7967,84.15,77,86,13.6,overcast clouds
78,Pacific Grove,US,36.6177,-121.9166,46.0,87,1,4.61,clear sky
79,Tiksi,RU,71.6872,128.8694,-28.7,86,100,5.75,overcast clouds
80,Tete,MZ,-16.1564,33.5867,77.0,88,75,5.26,broken clouds
81,Intipuca,SV,13.1969,-88.0544,75.4,59,2,5.91,clear sky
82,Barrow,US,71.2906,-156.7887,-11.2,70,90,8.05,light snow
83,Saint-Philippe,RE,-21.3585,55.7679,87.8,55,0,11.5,clear sky
84,Nioro,GM,13.35,-15.75,66.6,21,0,5.17,clear sky
85,Hermanus,ZA,-34.4187,19.2345,66.99,82,62,7.05,broken clouds
86,Kidal,ML,18.4411,1.4078,58.95,29,0,13.82,clear sky
87,Martaban,MM,16.5314,97.6111,90.25,45,1,5.86,clear sky
88,Guiratinga,BR,-16.3494,-53.7583,71.65,87,100,2.93,overcast clouds
89,Beringovskiy,RU,63.05,179.3167,-19.46,83,1,9.13,clear sky
90,Zyryanka,RU,65.75,150.85,-28.41,84,100,11.21,overcast clouds
91,Petropavlovsk-Kamchatskiy,RU,53.0452,158.6483,24.8,54,20,8.95,light snow
92,Linfen,CN,36.0889,111.5189,47.7,39,89,6.49,overcast clouds
93,Qaanaaq,GL,77.484,-69.3632,-12.87,63,10,5.7,clear sky
94,Georgetown,MY,5.4112,100.3354,89.6,51,20,5.75,few clouds
95,Port Macquarie,AU,-31.4333,152.9167,82.0,70,77,1.01,broken clouds
96,Ushuaia,AR,-54.8,-68.3,41.0,81,75,16.11,broken clouds
97,Bambous Virieux,MU,-20.3428,57.7575,87.01,70,75,12.66,broken clouds
98,Coahuayana,MX,18.7333,-103.6833,73.74,68,92,2.71,overcast clouds
99,Zeya,RU,53.75,127.2667,-15.12,83,69,3.51,broken clouds
100,Olafsvik,IS,64.8945,-23.7142,28.26,97,100,18.14,light snow
101,Touros,BR,-5.1989,-35.4608,77.0,83,40,3.44,scattered clouds
102,Maryville,US,35.7565,-83.9705,30.99,74,1,3.44,clear sky
103,Superior,US,46.7208,-92.1041,26.6,54,90,5.75,overcast clouds
104,Norman Wells,CA,65.282,-126.8329,-31.0,75,75,3.76,broken clouds
105,Saint George,US,37.1041,-113.5841,39.0,87,40,4.61,scattered clouds
106,Richards Bay,ZA,-28.783,32.0377,79.03,75,48,2.59,scattered clouds
107,Mahebourg,MU,-20.4081,57.7,86.0,70,75,12.66,broken clouds
108,Berlevag,NO,70.8578,29.0864,26.55,96,100,22.91,light snow
109,Ponta Do Sol,PT,32.6667,-17.1,57.0,75,46,3.0,scattered clouds
110,Butaritari,KI,3.0707,172.7902,80.62,76,100,13.69,overcast clouds
111,Merauke,ID,-8.4667,140.3333,83.91,75,100,17.25,overcast clouds
112,Caravelas,BR,-17.7125,-39.2481,74.16,87,1,4.47,clear sky
113,Sarai Alamgir,PK,32.9012,73.7559,55.4,62,20,2.33,smoke
114,Menongue,AO,-14.6585,17.691,63.61,91,66,3.85,broken clouds
115,Port Blair,IN,11.6667,92.75,83.68,66,14,11.21,few clouds
116,Sitka,US,57.0531,-135.33,39.2,56,90,13.8,light snow
117,Ilo,PE,-17.6394,-71.3375,67.33,80,4,6.06,clear sky
118,Necochea,AR,-38.5473,-58.7368,63.0,74,68,11.56,broken clouds
119,Katsuura,JP,35.1333,140.3,46.4,23,20,8.05,few clouds
120,Sao Joao Da Barra,BR,-21.6403,-41.0511,76.26,84,43,19.15,scattered clouds
121,Vila Franca Do Campo,PT,37.7167,-25.4333,59.0,94,40,6.91,scattered clouds
122,Takhatgarh,IN,25.3333,73.0,74.52,18,0,1.99,clear sky
123,Shestakovo,RU,56.4915,103.96,-12.51,86,100,5.35,overcast clouds
124,Bud,US,39.447,-86.1758,26.01,81,48,8.08,scattered clouds
125,Saint-Francois,FR,46.4154,3.9054,46.99,76,90,6.91,light rain
126,Marshfield,US,44.6689,-90.1718,23.0,80,90,12.66,overcast clouds
127,Prestea,GH,5.4327,-2.1428,73.76,92,31,0.83,scattered clouds
128,Salvador,SV,13.8333,-88.9167,78.8,57,0,6.91,clear sky
129,Kahului,US,20.8947,-156.47,71.6,78,1,14.97,clear sky
130,Cherskiy,RU,68.75,161.3,-36.2,83,0,0.25,clear sky
131,Husavik,IS,66.0449,-17.3389,24.8,80,90,12.66,light snow
132,Bowen,AU,-20.0167,148.2333,86.0,62,41,17.27,scattered clouds
133,Homer,US,59.6425,-151.5483,27.0,74,75,5.57,broken clouds
134,Krasnaya Poyma,RU,55.0014,39.08,16.79,96,64,10.92,light snow
135,Antalaha,MG,-14.9003,50.2788,84.16,65,8,0.96,clear sky
136,Cap Malheureux,MU,-19.9842,57.6142,87.01,66,0,7.0,clear sky
137,Bagdarin,RU,54.4333,113.6,-17.66,78,65,1.79,broken clouds
138,Manzanillo,CU,20.3433,-77.1167,66.24,75,0,14.27,clear sky
139,Klang,MY,3.0333,101.45,91.0,51,20,2.3,few clouds
140,Buala,SB,-8.145,159.5921,84.09,78,91,11.54,moderate rain
141,Hofn,IS,64.2539,-15.2082,33.71,77,73,7.96,broken clouds
142,Leo,BF,11.1,-2.1,69.17,22,58,8.81,broken clouds
143,Castro,BR,-24.7911,-50.0119,62.76,94,100,3.22,overcast clouds
144,Northam,GB,51.0333,-4.2167,48.0,95,100,3.0,overcast clouds
145,Jalu,LY,29.0331,21.5482,53.83,71,0,11.21,clear sky
146,Fort Nelson,CA,58.8053,-122.7002,-18.4,76,40,2.3,scattered clouds
147,Bengkulu,ID,-3.8004,102.2655,85.53,65,100,9.75,overcast clouds
148,Wanning,CN,18.8003,110.3967,71.24,79,64,13.0,broken clouds
149,Yellowknife,CA,62.456,-114.3525,-20.0,76,20,5.75,few clouds
150,Shahr-E Kord,IR,32.3256,50.8644,39.2,87,75,6.91,broken clouds
151,Maniitsoq,GL,65.4167,-52.9,17.53,76,0,9.19,clear sky
152,Calama,CL,-22.4667,-68.9333,48.2,21,0,14.97,clear sky
153,Constitucion,CL,-35.3333,-72.4167,60.42,94,100,10.16,overcast clouds
154,Kaminoyama,JP,38.1539,140.2736,30.0,86,75,9.22,light snow
155,Aleksandrov Gay,RU,50.147,48.5704,25.29,95,98,9.26,overcast clouds
156,Ouargaye,BF,11.5033,0.0572,69.78,22,5,11.27,clear sky
157,Pisco,PE,-13.7,-76.2167,69.8,78,0,5.75,clear sky
158,Maragogi,BR,-9.0122,-35.2225,77.11,81,99,10.18,overcast clouds
159,Mayumba,GA,-3.432,10.6554,77.54,84,100,2.62,overcast clouds
160,Yumen,CN,40.2833,97.2,32.18,67,0,27.0,clear sky
161,Quatre Cocos,MU,-20.2078,57.7625,87.01,70,75,12.66,broken clouds
162,Paamiut,GL,61.994,-49.6678,34.65,80,100,8.41,overcast clouds
163,Hami,CN,42.8,93.45,31.66,75,4,3.15,clear sky
164,Nishihara,JP,26.1842,127.7558,66.2,31,40,12.66,scattered clouds
165,Tasiilaq,GL,65.6145,-37.6368,15.8,48,75,16.11,broken clouds
166,Hokitika,NZ,-42.7167,170.9667,60.93,65,0,8.41,clear sky
167,Buraydah,SA,26.326,43.975,53.6,66,0,8.05,clear sky
168,Kameshkovo,RU,56.3481,41.0047,25.79,98,98,7.56,overcast clouds
169,Rio Brilhante,BR,-21.8019,-54.5464,71.46,89,100,4.61,overcast clouds
170,Rio Grande,BR,-32.035,-52.0986,73.0,97,89,5.93,overcast clouds
171,Sri Aman,MY,1.2376,111.4621,82.4,89,40,5.75,scattered clouds
172,Morant Bay,JM,17.8815,-76.4093,78.8,69,20,8.05,few clouds
173,Bocas Del Toro,PA,9.3333,-82.25,74.44,79,51,9.75,broken clouds
174,Kaitangata,NZ,-46.2817,169.8464,57.99,68,19,5.01,few clouds
175,Bethel,US,41.3712,-73.414,10.99,56,1,5.75,clear sky
176,Santa Cruz De La Palma,ES,28.6835,-17.7642,64.4,82,90,8.05,overcast clouds
177,Khasan,RU,42.4308,130.6434,18.99,88,64,7.52,broken clouds
178,Makakilo City,US,21.3469,-158.0858,75.2,68,1,8.05,clear sky
179,Allapalli,IN,19.4167,80.0667,86.76,41,1,3.49,clear sky
180,Jumla,NP,29.2747,82.1838,49.3,27,0,3.53,clear sky
181,Souillac,MU,-20.5167,57.5167,86.0,70,75,12.66,broken clouds
182,Khandagayty,RU,50.7333,92.05,19.02,88,86,4.12,overcast clouds
183,Ribeira Grande,PT,38.5167,-28.7,62.71,93,98,22.64,overcast clouds
184,Provideniya,RU,64.3833,-173.3,-8.46,83,1,5.41,clear sky
185,Thompson,CA,55.7435,-97.8558,10.4,85,90,2.3,light snow
186,Canandaigua,US,42.8742,-77.288,14.0,80,100,5.01,overcast clouds
187,Innisfail,AU,-17.5333,146.0333,79.0,73,90,5.01,overcast clouds
188,Lukovetskiy,RU,64.2956,41.9211,19.4,86,90,8.95,light snow
189,Gamboma,CG,-1.8764,15.8644,74.03,87,100,2.35,overcast clouds
190,Panzhihua,CN,26.5851,101.7128,66.0,17,0,1.01,clear sky
191,New Norfolk,AU,-42.7826,147.0587,72.0,61,84,3.0,broken clouds
192,Kysyl-Syr,RU,63.8986,122.7617,-40.2,77,100,1.86,overcast clouds
193,Aras,ES,42.5617,-2.356,48.2,87,40,4.61,scattered clouds
194,Hamilton,US,39.1834,-84.5333,25.0,86,1,4.23,clear sky
195,Ciro Marina,IT,39.3732,17.126,33.8,93,90,11.5,fog
196,Rovaniemi,FI,66.5,25.7167,8.6,85,75,8.05,light snow
197,Marsh Harbour,BS,26.5412,-77.0636,64.35,66,48,13.62,scattered clouds
198,Melfi,IT,40.9965,15.6514,45.0,75,2,3.0,clear sky
199,Riberalta,BO,-10.9833,-66.1,71.85,97,95,2.24,overcast clouds
200,Skibbereen,IE,51.55,-9.2667,44.6,93,75,13.8,light intensity drizzle
201,Khatanga,RU,71.9667,102.5,-42.99,75,16,3.18,few clouds
202,Karratha,AU,-20.7377,116.8463,91.99,49,28,14.52,scattered clouds
203,Barcelona,ES,41.3888,2.159,57.0,93,0,8.05,clear sky
204,Matata,NZ,-37.8833,176.75,68.0,55,36,1.01,scattered clouds
205,Beira,MZ,-19.8436,34.8389,82.4,89,40,3.44,scattered clouds
206,Zile,TR,40.3031,35.8864,30.2,69,40,4.5,scattered clouds
207,Bouca,CF,6.5105,18.2733,71.08,32,20,4.0,few clouds
208,Salinopolis,BR,-0.6136,-47.3561,79.81,82,82,12.57,broken clouds
209,Maneadero,MX,31.7167,-116.5667,53.01,90,56,1.99,broken clouds
210,Bandarbeyla,SO,9.4942,50.8122,75.88,66,31,13.76,scattered clouds
211,Pathein,MM,16.7833,94.7333,90.9,43,7,8.57,clear sky
212,Vila,PT,42.0304,-8.1588,46.99,94,87,15.05,overcast clouds
213,Severo-Kurilsk,RU,50.6789,156.125,25.12,92,100,25.01,overcast clouds
214,Aquiraz,BR,-3.9014,-38.3911,80.6,83,40,14.97,scattered clouds
215,Margate,GB,51.3813,1.3862,46.99,90,100,4.0,moderate rain
216,Sydney,AU,-33.8679,151.2073,84.2,61,20,14.97,few clouds
217,Wad Rawah,SD,15.1603,33.1397,65.91,27,3,18.77,clear sky
218,Port Elizabeth,ZA,-33.918,25.5701,64.4,72,0,2.3,clear sky
219,Khonsa,IN,27.0167,95.5667,60.37,78,0,2.64,clear sky
220,Soyo,AO,-6.1349,12.3689,78.26,88,100,4.79,overcast clouds
221,Oum Hadjer,TD,13.2954,19.6966,65.62,27,8,8.14,clear sky
222,Nantucket,US,41.2835,-70.0995,21.99,79,90,20.71,overcast clouds
223,Malakal,SS,9.5334,31.6605,76.14,17,1,14.03,clear sky
224,Hasaki,JP,35.7333,140.8333,50.0,23,20,13.8,few clouds
225,Port-Gentil,GA,-0.7193,8.7815,77.0,94,90,1.14,overcast clouds
226,Callaway,US,30.153,-85.5699,42.8,87,1,5.59,clear sky
227,Saint-Augustin,CA,51.226,-58.6502,13.33,91,66,15.12,broken clouds
228,Chokurdakh,RU,70.6333,147.9167,-29.07,85,100,8.16,overcast clouds
229,Gobabis,NA,-22.45,18.9667,73.4,61,85,8.01,overcast clouds
230,Mercedes,AR,-34.6515,-59.4307,66.99,76,6,7.63,clear sky
231,Mount Gambier,AU,-37.8333,140.7667,64.4,72,90,13.8,overcast clouds
232,Gravdal,NO,68.1214,13.5031,26.37,89,32,7.18,scattered clouds
233,Inirida,CO,3.8653,-67.9239,74.68,80,92,1.48,overcast clouds
234,Naze,JP,28.3667,129.4833,60.8,44,20,11.5,few clouds
235,Gat,IL,31.61,34.7642,48.0,13,51,1.99,broken clouds
236,Corralillo,CU,22.9819,-80.5856,69.08,66,82,14.92,light rain
237,Jamestown,US,42.097,-79.2353,19.99,79,90,4.61,light snow
238,Grand Gaube,MU,-20.0064,57.6608,87.01,66,1,7.0,clear sky
239,Takoradi,GH,4.8845,-1.7554,77.77,84,11,6.22,few clouds
240,Ancud,CL,-41.8697,-73.8203,50.0,81,0,4.61,clear sky
241,Mankono,CI,8.0586,-6.1897,69.6,81,8,1.72,clear sky
242,Berberati,CF,4.2612,15.7922,68.0,94,0,2.06,clear sky
243,Gualaquiza,EC,-3.4,-78.55,62.28,89,70,1.39,light rain
244,Verkhnyaya Inta,RU,65.9811,60.3094,-2.58,85,100,17.18,overcast clouds
245,Vestmanna,FO,62.1564,-7.1664,30.2,80,75,2.3,broken clouds
246,Salalah,OM,17.0151,54.0924,75.2,50,40,6.91,scattered clouds
247,Atbasar,KZ,51.8,68.3333,17.8,94,44,9.06,scattered clouds
248,Port Hedland,AU,-20.3167,118.5667,95.0,52,75,17.27,broken clouds
249,Velen,DE,51.9,6.9833,33.01,70,100,5.01,overcast clouds
250,Gazojak,TM,41.1875,61.4036,47.28,48,100,3.8,overcast clouds
251,Batagay,RU,67.6333,134.6333,-42.86,77,100,1.05,overcast clouds
252,Ekuvukeni,ZA,-28.4675,30.1551,69.87,86,92,0.72,light rain
253,Hualmay,PE,-11.0964,-77.6139,70.47,74,98,5.66,overcast clouds
254,La Ronge,CA,55.1001,-105.2842,8.6,85,75,3.44,broken clouds
255,Cabedelo,BR,-6.9811,-34.8339,77.0,88,75,6.91,broken clouds
256,Floro,NO,61.5996,5.0328,32.0,93,90,12.66,light snow
257,Torbay,CA,47.6666,-52.7314,28.99,86,90,18.41,light snow
258,Lorengau,PG,-2.0226,147.2712,82.74,81,100,10.0,overcast clouds
259,Lompoc,US,34.6391,-120.4579,42.01,93,1,1.88,clear sky
260,Codrington,AU,-38.2667,141.9667,62.73,71,94,11.83,overcast clouds
261,Pulandian,CN,39.3953,121.9669,33.8,64,0,13.42,clear sky
262,Tawau,MY,4.2498,117.8871,82.4,89,40,2.3,moderate rain
263,Gaogou,CN,34.0175,119.1886,55.81,39,54,7.29,broken clouds
264,Kharp,RU,66.8014,65.8081,-35.3,80,97,3.06,overcast clouds
265,Airai,TL,-8.9266,125.4092,68.97,89,100,6.13,moderate rain
266,Vardo,NO,70.3705,31.1107,26.28,97,100,22.57,light snow
267,Yerbogachen,RU,61.2767,108.0108,-36.17,80,55,7.52,broken clouds
268,Kurumkan,RU,54.3,110.3,-14.28,82,100,2.24,overcast clouds
269,Leh,IN,34.1667,77.5833,7.52,66,0,1.72,clear sky
270,Pedernales,DO,18.0384,-71.744,74.28,66,2,2.35,clear sky
271,Vresina,CZ,49.8242,18.1257,39.2,87,20,14.97,few clouds
272,Kudahuvadhoo,MV,2.6708,72.8944,80.73,80,28,12.88,scattered clouds
273,Laguna,US,38.421,-121.4238,45.0,87,1,3.8,mist
274,San Patricio,US,28.017,-97.5169,66.2,82,90,12.66,overcast clouds
275,Lagos,NG,6.5833,3.75,76.48,93,76,3.06,broken clouds
276,Puerto Escondido,MX,15.85,-97.0667,78.8,78,40,3.44,scattered clouds
277,Khandyga,RU,62.6667,135.6,-45.58,76,77,0.94,broken clouds
278,Faya,SA,18.3851,42.4509,62.6,17,0,3.65,clear sky
279,Isangel,VU,-19.55,169.2667,86.0,62,20,9.22,few clouds
280,Grindavik,IS,63.8424,-22.4338,30.2,93,90,6.91,overcast clouds
281,Guerrero Negro,MX,27.9769,-114.0611,58.26,72,4,12.77,clear sky
282,Cabra,ES,37.4725,-4.4421,53.6,100,90,8.05,overcast clouds
283,Kloulklubed,PW,7.0419,134.2556,84.2,58,90,14.97,overcast clouds
284,Massafra,IT,40.5888,17.117,53.01,83,0,11.01,clear sky
285,Westport,US,41.1415,-73.3579,15.8,48,1,14.97,clear sky
286,Caucaia,BR,-3.7361,-38.6531,81.0,83,40,14.97,scattered clouds
287,Mkushi,ZM,-13.6202,29.3939,68.85,87,100,2.75,overcast clouds
288,Luderitz,NA,-26.6481,15.1594,68.0,44,0,22.66,clear sky
289,Ciudad Real,ES,39.0,-4.0,52.0,89,83,8.01,broken clouds
290,Marawi,PH,7.9986,124.2928,82.0,84,86,10.0,overcast clouds
291,Barranquilla,CO,10.9639,-74.7964,77.0,73,0,11.5,clear sky
292,Manakara,MG,-22.1333,48.0167,83.35,68,3,7.29,clear sky
293,Geraldton,AU,-28.7667,114.6,102.2,14,0,23.02,clear sky
294,Trincomalee,LK,8.5711,81.2335,80.33,81,22,13.94,few clouds
295,Forlev,DK,55.3833,11.2833,30.0,89,80,10.45,broken clouds
296,Nadym,RU,65.5333,72.5167,-39.15,79,18,5.55,few clouds
297,Maceio,BR,-9.6658,-35.7353,75.2,94,75,1.14,broken clouds
298,Valparaiso,CL,-33.0393,-71.6273,64.99,82,100,7.72,overcast clouds
299,Dali,CN,25.7,100.1833,59.09,35,1,11.01,clear sky
300,Matara,LK,5.9485,80.5353,86.45,60,61,4.54,broken clouds
301,Bonfim,BR,3.0833,-59.95,76.75,74,13,8.99,few clouds
302,Aykhal,RU,66.0,111.5,-35.45,80,99,8.88,overcast clouds
303,Parati,BR,-23.2178,-44.7131,76.98,75,93,3.94,overcast clouds
304,Ibra,OM,22.6906,58.5334,72.7,25,0,2.75,clear sky
305,Port Hardy,CA,50.6996,-127.4199,42.8,87,90,20.71,light rain
306,At-Bashi,KG,41.1702,75.8106,15.75,72,0,1.5,clear sky
307,Belyy Yar,RU,53.6039,91.3903,19.4,73,0,15.66,clear sky
308,Niquelandia,BR,-14.4739,-48.4597,69.06,87,100,1.03,overcast clouds
309,Faanui,PF,-16.4833,-151.75,81.45,66,100,5.91,overcast clouds
310,Tsaratanana,MG,-16.7833,47.65,81.14,65,55,2.21,broken clouds
311,Tilichiki,RU,60.4667,166.1,-2.04,94,100,14.2,overcast clouds
312,Dubbo,AU,-32.25,148.6167,91.4,29,64,9.22,broken clouds
313,Barabai,ID,-2.5833,115.3833,81.01,76,100,2.57,overcast clouds
314,Santa Marta,CO,11.2408,-74.199,73.99,82,20,16.96,few clouds
315,Dire,ML,12.2833,-10.9667,64.8,25,0,1.5,clear sky
316,Esperance,AU,-33.8667,121.9,80.6,32,0,12.66,clear sky
317,Saint-Joseph,RE,-21.3667,55.6167,87.8,55,0,11.5,clear sky
318,Leningradskiy,RU,69.3833,178.4167,-22.41,85,100,6.87,overcast clouds
319,Mayo,US,38.8876,-76.5119,30.2,47,90,5.75,overcast clouds
320,Bilibino,RU,68.0546,166.4372,-25.62,80,0,4.23,clear sky
321,Talgar,KZ,43.3027,77.2395,24.8,68,0,4.47,mist
322,Guarda,PT,40.5373,-7.2658,51.01,92,72,13.0,broken clouds
323,Saint-Leu,RE,-21.15,55.2833,84.99,57,2,4.61,clear sky
324,Mahajanga,MG,-15.7167,46.3167,80.6,74,20,4.61,few clouds
325,Thayetmyo,MM,19.3167,95.1833,94.77,20,0,6.24,clear sky
326,Lebu,CL,-37.6167,-73.65,54.1,91,24,6.2,few clouds
327,Ostersund,SE,63.1792,14.6357,-9.4,77,90,1.7,overcast clouds
328,Ilawe,NG,7.8667,4.4333,69.8,52,0,0.96,clear sky
329,Lata,PT,40.1629,-8.3327,55.99,97,66,5.01,broken clouds
330,Miragoane,HT,18.4423,-73.0876,75.76,74,2,9.08,clear sky
331,Dingle,PH,10.9995,122.6711,76.15,86,100,15.86,overcast clouds
332,Begles,FR,44.8084,-0.5481,53.6,100,75,11.5,moderate rain
333,Kununurra,AU,-15.7667,128.7333,82.4,94,75,14.97,broken clouds
334,Jackson,US,42.4165,-122.8345,41.0,81,90,2.73,overcast clouds
335,Adrar,MR,20.5022,-10.0711,60.1,28,8,9.46,clear sky
336,Sedalia,US,38.7045,-93.2283,43.0,61,1,8.05,clear sky
337,Bubaque,GW,11.2833,-15.8333,77.95,61,0,8.32,clear sky
338,Seydi,TM,39.4816,62.9137,53.04,41,100,11.25,overcast clouds
339,Isilkul,RU,54.9109,71.2728,14.0,95,47,8.25,scattered clouds
340,Coihaique,CL,-45.5752,-72.0662,41.0,87,0,3.44,clear sky
341,Verkhnevilyuysk,RU,63.4453,120.3167,-39.41,79,100,2.37,overcast clouds
342,Kruisfontein,ZA,-34.0033,24.7314,70.0,66,0,1.99,clear sky
343,Namatanai,PG,-3.6667,152.4333,83.77,77,73,13.06,light rain
344,Zhangjiakou,CN,40.81,114.8794,32.14,73,0,1.9,clear sky
345,Kavaratti,IN,10.5669,72.642,80.92,70,16,9.01,few clouds
346,Vallenar,CL,-28.5708,-70.7581,59.47,74,8,0.63,clear sky
347,Saldanha,ZA,-33.0117,17.9442,67.5,73,82,6.33,broken clouds
348,San Jeronimo,PE,-11.9472,-75.2829,45.73,79,100,5.19,overcast clouds
349,Ilebo,CD,-4.3167,20.5833,74.91,81,99,0.78,overcast clouds
350,Dalby,AU,-27.1833,151.2667,87.8,33,40,10.36,scattered clouds
351,Chippewa Falls,US,44.9369,-91.3929,25.0,58,90,13.8,overcast clouds
352,Tabou,CI,4.423,-7.3528,77.5,88,19,5.28,few clouds
353,Dicabisagan,PH,17.0818,122.4157,70.95,77,96,12.37,overcast clouds
354,Linxia,CN,35.6003,103.2064,31.89,73,100,4.09,overcast clouds
355,Gvarv,NO,59.3875,9.1737,10.99,85,0,3.44,clear sky
356,Maslova Pristan,RU,50.4587,36.7408,23.0,86,75,6.71,broken clouds
357,Arlit,NE,18.7369,7.3853,55.15,33,0,4.23,clear sky
358,Sinnamary,GF,5.3833,-52.95,77.13,88,87,12.82,overcast clouds
359,Novikovo,RU,51.1537,37.8879,19.02,97,38,8.28,scattered clouds
360,Shenjiamen,CN,29.9576,122.298,49.41,68,0,12.26,clear sky
361,Vuktyl,RU,63.8567,57.3094,-9.58,87,100,9.04,overcast clouds
362,Talnakh,RU,69.4865,88.3972,-30.03,68,0,4.72,clear sky
363,Victor Harbor,AU,-35.5667,138.6167,68.0,67,56,4.0,broken clouds
364,Obihiro,JP,42.9172,143.2044,30.2,59,75,18.41,broken clouds
365,Houma,US,29.5958,-90.7195,48.99,100,1,6.53,mist
366,Ondjiva,AO,-17.0667,15.7333,69.48,79,100,5.53,overcast clouds
367,Tapes,BR,-30.6733,-51.3958,74.19,90,11,5.88,few clouds
368,Khairagarh,IN,26.95,77.8167,68.0,25,0,6.35,clear sky
369,Mahibadhoo,MV,3.7833,72.9667,81.03,74,0,11.86,clear sky
370,Los Llanos De Aridane,ES,28.6585,-17.9182,64.4,82,90,8.05,overcast clouds
371,Cayenne,GF,4.9333,-52.3333,75.2,100,90,6.91,overcast clouds
372,Alappuzha,IN,9.49,76.3264,82.76,65,100,2.62,overcast clouds
373,Fosses,FR,49.0981,2.5096,46.4,93,75,16.11,moderate rain
374,Nyurba,RU,63.2842,118.3319,-39.28,79,100,3.02,overcast clouds
375,Behshahr,IR,36.6923,53.5526,51.8,87,75,9.22,mist
376,Camacha,PT,33.0833,-16.3333,60.8,94,75,8.05,broken clouds
377,Nemuro,JP,43.3236,145.575,28.4,80,75,10.36,light snow
378,Hare Bay,CA,48.8499,-54.0148,23.0,100,100,5.75,overcast clouds
379,Shimoda,JP,34.6667,138.95,48.2,37,20,4.61,few clouds
380,Ellisras,ZA,-23.6649,27.7443,74.39,72,86,6.78,overcast clouds
381,Fukue,JP,32.6881,128.8419,50.0,57,75,5.75,broken clouds
382,Richmond,US,37.5538,-77.4603,23.0,68,1,3.44,clear sky
383,Belaya Gora,RU,68.5333,146.4167,-29.99,85,100,3.49,overcast clouds
384,Codajas,BR,-3.8367,-62.0569,72.54,98,97,1.92,overcast clouds
385,Melville,US,40.7934,-73.4151,18.0,49,1,8.05,clear sky
386,Yulara,AU,-25.2406,130.9889,96.8,28,98,16.11,moderate rain
387,Namibe,AO,-15.1961,12.1522,73.45,80,98,8.3,overcast clouds
388,Nouadhibou,MR,20.931,-17.0347,64.4,48,37,14.97,scattered clouds
389,Agogo,GH,6.8,-1.0819,68.7,100,25,0.85,scattered clouds
390,Lavrentiya,RU,65.5833,-171.0,-19.01,81,0,9.13,clear sky
391,Longyearbyen,SJ,78.2186,15.6401,-0.4,50,20,26.46,few clouds
392,Cap-Aux-Meules,CA,47.3821,-61.8597,26.6,80,100,20.71,overcast clouds
393,Plettenberg Bay,ZA,-34.0527,23.3716,69.67,63,0,5.5,clear sky
394,Palmer,US,42.1584,-72.3287,10.0,66,1,13.8,clear sky
395,Ixtapa,MX,20.7,-105.2,70.0,88,40,3.09,scattered clouds
396,Neiafu,TO,-18.65,-173.9833,78.8,89,75,9.22,moderate rain
397,Myitkyina,MM,25.3833,97.4,82.42,28,9,1.16,clear sky
398,Deputatskiy,RU,69.3,139.9,-30.19,87,100,2.35,overcast clouds
399,Darhan,MN,49.4867,105.9228,12.25,92,100,3.13,overcast clouds
400,Seymchan,RU,62.8833,152.4333,-21.42,85,100,6.33,overcast clouds
401,Klaksvik,FO,62.2266,-6.589,30.2,80,75,2.3,broken clouds
402,Dunedin,NZ,-45.8742,170.5036,54.0,74,20,11.01,few clouds
403,Mao,ES,39.8885,4.2658,53.6,94,0,6.91,clear sky
404,Kalulushi,ZM,-12.8378,28.0919,67.57,92,96,1.68,overcast clouds
405,Correntina,BR,-13.3433,-44.6367,70.81,67,30,1.86,scattered clouds
406,Tiznit,MA,29.5833,-9.5,55.4,54,0,0.69,clear sky
407,Burnie,AU,-41.0667,145.9167,67.82,57,47,11.61,scattered clouds
408,Mangrul Pir,IN,20.3167,77.35,78.84,28,61,9.42,broken clouds
409,Talcahuano,CL,-36.7167,-73.1167,57.2,100,90,9.22,overcast clouds
410,Tuatapere,NZ,-46.1333,167.6833,60.94,62,0,6.24,clear sky
411,Halifax,CA,44.6453,-63.5724,25.0,80,100,13.8,overcast clouds
412,Volksrust,ZA,-27.3654,29.8818,64.96,88,90,3.04,light rain
413,Kinango,KE,-4.1372,39.3153,82.4,69,40,9.22,scattered clouds
414,Bolobo,CD,-2.1667,16.2333,73.6,91,100,1.34,light rain
415,Tambura,SS,5.6,27.4667,73.58,19,93,7.76,overcast clouds
416,Bafq,IR,31.6128,55.4107,65.5,27,22,16.78,few clouds
417,Sur,OM,22.5667,59.5289,74.39,32,0,7.11,clear sky
418,Arys,KZ,42.4252,68.795,48.2,46,0,2.24,clear sky
419,Mbaiki,CF,3.8678,17.9892,73.76,73,96,1.36,overcast clouds
420,Kochevo,RU,59.5994,54.3125,17.94,96,100,10.92,overcast clouds
421,Axim,GH,4.8699,-2.2405,77.99,86,0,5.26,clear sky
422,Port Hawkesbury,CA,45.6169,-61.3485,27.0,74,75,8.05,broken clouds
423,Sioux Lookout,CA,50.1001,-91.917,6.8,72,75,9.22,broken clouds
424,Orlik,RU,52.5178,99.825,11.61,84,98,12.39,light snow
425,Vila Velha,BR,-20.3297,-40.2925,77.0,83,20,5.75,few clouds
426,Ulkan,RU,57.243,107.3223,-27.45,79,64,4.16,broken clouds
427,Flinders,AU,-34.5833,150.8552,77.0,85,60,10.0,moderate rain
428,Kutum,SD,14.2,24.6667,53.47,38,0,11.68,clear sky
429,Murgab,TM,37.4966,61.9714,53.6,32,75,13.8,broken clouds
430,Pudozh,RU,61.8099,36.5345,18.79,97,84,6.4,snow
431,Nautla,MX,20.2167,-96.7833,65.73,81,100,1.66,overcast clouds
432,Mehamn,NO,71.0357,27.8492,26.37,97,100,22.1,light snow
433,Shellbrook,CA,53.2168,-106.4011,14.0,85,90,5.75,light snow
434,Ugoofaaru,MV,5.6667,73.0,81.5,70,8,11.34,clear sky
435,Mackay,AU,-21.15,149.2,87.01,74,10,20.71,clear sky
436,Oistins,BB,13.0667,-59.5333,77.0,73,40,11.5,scattered clouds
437,Bara,NG,10.3744,10.7288,62.26,30,0,6.58,clear sky
438,Meulaboh,ID,4.1363,96.1285,85.3,61,87,5.1,overcast clouds
439,Fare,PF,-16.7,-151.0167,81.18,67,100,5.14,overcast clouds
440,Luanda,AO,-8.8368,13.2343,77.0,83,75,9.22,broken clouds
441,Dukat,RU,62.55,155.55,-33.18,82,100,5.03,overcast clouds
442,Roma,US,43.2128,-75.4557,10.4,61,90,3.44,overcast clouds
443,Anjozorobe,MG,-18.4,47.8667,73.4,68,20,4.61,few clouds
444,Umm Lajj,SA,25.0213,37.2685,65.91,40,0,15.41,clear sky
445,High Prairie,CA,55.4334,-116.4858,-2.2,84,0,6.91,clear sky
446,Padang,ID,-0.9492,100.3543,86.0,66,73,6.91,broken clouds
447,Saint Anthony,US,45.0205,-93.218,25.0,63,90,9.22,overcast clouds
448,Ceska Lipa,CZ,50.6855,14.5376,30.99,96,99,13.22,light snow
449,Estevan,CA,49.1334,-102.9842,19.4,86,90,3.44,light snow
450,Oranjestad,AW,12.524,-70.027,78.8,78,20,14.97,few clouds
451,Nelson Bay,AU,-32.7167,152.15,75.99,100,90,6.91,moderate rain
452,Namie,JP,37.4833,141.0,35.01,61,20,19.1,few clouds
453,Riyadh,SA,24.6877,46.7219,60.8,33,42,12.66,scattered clouds
454,Ukiah,US,39.1502,-123.2078,42.8,87,90,2.04,overcast clouds
455,Sungaipenuh,ID,-2.0833,101.3833,74.62,77,88,1.81,overcast clouds
456,Madang,PG,-5.2246,145.7966,83.64,86,100,7.43,overcast clouds
457,Marsaxlokk,MT,35.8419,14.5431,59.0,88,0,14.97,clear sky
458,Strezhevoy,RU,60.7333,77.5889,-34.6,67,90,1.61,smoke
459,College,US,64.8569,-147.8028,0.0,76,20,3.44,few clouds
460,Auki,SB,-8.7676,160.7034,81.79,82,90,8.66,overcast clouds
461,Preston,GB,53.7667,-2.7167,39.99,87,100,8.99,overcast clouds
462,Swan Hill,AU,-35.3378,143.5544,83.88,25,0,9.84,clear sky
463,Pitimbu,BR,-7.4706,-34.8086,77.0,88,75,6.91,broken clouds
464,Vostok,RU,46.4856,135.8833,-6.5,89,99,4.7,overcast clouds
465,East Wenatchee Bench,US,47.4257,-120.2812,37.0,93,90,3.44,overcast clouds
466,Zhigansk,RU,66.7697,123.3711,-40.27,79,100,2.68,overcast clouds
467,Mason City,US,43.1536,-93.201,25.0,80,1,18.41,clear sky
468,Krasnokamensk,RU,50.0979,118.0369,-16.08,81,41,3.15,scattered clouds
469,Porto Novo,BJ,6.4965,2.6036,78.8,89,20,2.3,few clouds
470,Talakan,RU,50.3167,130.3667,-12.14,83,41,6.76,scattered clouds
471,Lima,PE,-12.0432,-77.0282,73.0,83,0,6.91,clear sky
472,Pemberton,CA,50.3164,-122.8027,27.0,86,100,3.18,overcast clouds
473,Mount Hagen,PG,-5.8581,144.2274,67.15,89,100,3.31,overcast clouds
474,Araouane,ML,18.9048,-3.5265,61.7,26,2,10.65,clear sky
475,Gambela,ET,8.25,34.5833,85.95,20,65,5.41,broken clouds
476,Evensk,RU,61.95,159.2333,-0.96,84,100,15.46,overcast clouds
477,Tocopilla,CL,-22.092,-70.1979,66.15,56,0,4.38,clear sky
478,Itarema,BR,-2.9248,-39.9167,78.31,84,89,11.25,overcast clouds
479,Sakaiminato,JP,35.55,133.2333,46.4,49,75,20.71,broken clouds
480,Celestun,MX,20.8667,-90.4,67.84,78,18,13.4,few clouds
481,Road Town,VG,18.4167,-64.6167,75.99,83,45,5.01,scattered clouds
482,Bereda,ES,43.2686,-7.5406,50.0,87,61,11.99,broken clouds
483,Mamlyutka,KZ,54.9375,68.5394,14.0,85,0,13.42,clear sky
484,Tyrma,RU,50.0833,132.1667,-7.89,80,48,3.62,scattered clouds
485,Misratah,LY,32.3754,15.0925,61.7,55,5,12.97,clear sky
486,Sarkand,KZ,45.41,79.9186,34.54,80,0,1.41,clear sky
487,Puerto Del Rosario,ES,28.5004,-13.8627,64.4,82,40,9.22,scattered clouds
488,Tallahassee,US,30.4383,-84.2807,41.0,93,1,3.62,clear sky
489,Huilong,CN,31.8111,121.655,57.99,39,0,4.0,clear sky
490,Manica,FR,49.0,-1.1667,50.0,100,75,9.22,broken clouds
491,Yavatmal,IN,20.4,78.1333,77.61,23,36,9.48,scattered clouds
492,Cape Canaveral,US,28.4058,-80.6048,57.2,81,1,4.79,clear sky
493,Spiridonovka,RU,53.0925,50.6462,21.2,100,90,4.47,fog
494,Kurilsk,RU,45.2333,147.8833,26.53,96,100,27.34,light snow
495,Oranjemund,NA,-28.55,16.4333,62.28,81,2,11.99,clear sky
496,Cao Bang,VN,22.6667,106.25,61.54,69,94,4.34,overcast clouds
497,Yantal,RU,56.8471,105.2542,-19.35,83,100,4.07,overcast clouds
498,Viedma,AR,-40.8135,-62.9967,55.71,62,2,6.85,clear sky
499,Otukpo,NG,7.1913,8.1329,66.96,50,48,3.53,scattered clouds
500,Alingsas,SE,57.9303,12.5335,15.8,92,75,1.14,broken clouds
501,Mudanjiang,CN,44.5833,129.6,1.74,87,96,4.38,overcast clouds
502,Businga,CD,3.3333,20.8833,71.55,83,89,2.15,overcast clouds
503,Sarangani,PH,5.4033,125.4636,82.31,76,89,22.3,overcast clouds
504,Jacarezinho,BR,-23.1606,-49.9694,70.3,92,100,1.03,overcast clouds
505,Destin,US,30.3935,-86.4958,46.99,81,1,5.01,clear sky
506,La Macarena,CO,2.1837,-73.7849,71.24,76,89,2.91,overcast clouds
507,Lake Havasu City,US,34.4839,-114.3224,51.01,50,1,6.91,clear sky
508,Amapa,BR,1.0,-52.0,71.2,98,77,1.61,broken clouds
509,Kaminskiy,RU,57.1516,41.4732,24.12,98,99,10.45,overcast clouds
510,Comarapa,BO,-17.9,-64.4833,57.13,100,90,2.95,overcast clouds
511,Pangnirtung,CA,66.1451,-65.7125,-6.29,70,0,1.25,clear sky
512,Port Augusta,AU,-32.5,137.7667,84.99,53,40,27.63,scattered clouds
513,Dalmatovo,RU,56.26,62.9362,14.86,96,100,10.04,overcast clouds
514,Acajutla,SV,13.5928,-89.8275,78.03,51,18,7.81,few clouds
515,La Ligua,CL,-32.4524,-71.2311,61.74,82,98,1.41,overcast clouds
516,Kaabong,UG,3.4836,34.1492,73.69,39,60,14.72,broken clouds
517,Waipawa,NZ,-41.4122,175.5153,62.01,63,23,17.27,few clouds
518,Junagarh,IN,19.8667,82.9333,85.73,32,0,3.91,clear sky
519,Kayes,ML,14.0,-11.0,66.18,19,0,2.71,clear sky
520,Conde,BR,-7.2597,-34.9075,77.0,88,75,6.91,broken clouds
521,Miri,MY,4.4148,114.0089,89.6,70,40,8.05,scattered clouds
522,Lalibela,ET,12.0333,39.0333,64.02,26,1,0.51,clear sky
523,Prince Rupert,CA,54.3161,-130.3201,41.0,60,40,12.66,scattered clouds
524,Padre Bernardo,BR,-15.35,-48.5,68.79,89,100,1.9,overcast clouds
525,Rorvik,NO,64.8621,11.2373,26.74,97,95,7.23,overcast clouds
526,Udachnyy,RU,66.4167,112.4,-33.92,80,100,5.37,overcast clouds
527,Beinamar,TD,8.6698,15.3813,65.19,24,0,4.05,clear sky
528,Beloha,MG,-25.1667,45.05,91.13,44,0,7.02,clear sky
529,Balykshi,KZ,47.0667,51.8667,23.0,100,90,6.71,fog
530,Aripuana,BR,-9.1667,-60.6333,73.15,97,100,0.81,overcast clouds
531,Biloela,AU,-24.4167,150.5,85.32,50,72,13.18,broken clouds
532,Katangli,RU,51.7102,143.2326,0.48,91,100,14.16,overcast clouds
533,Nehe,CN,48.4833,124.8333,-9.83,81,0,2.08,clear sky
534,Vinica,MK,41.8828,22.5092,39.0,88,100,1.01,light rain
535,Atambua,ID,-9.1061,124.8925,77.83,86,100,11.41,moderate rain
536,Hwange,ZW,-18.3693,26.5019,72.91,84,79,2.98,light rain
537,Sechura,PE,-5.5569,-80.8222,75.49,65,66,11.72,broken clouds
538,Teya,RU,60.3778,92.6267,-31.56,77,69,3.87,broken clouds
539,Sabang,ID,5.8933,95.3214,81.21,80,100,25.48,overcast clouds
540,Benguela,AO,-12.5763,13.4055,76.44,76,92,5.17,overcast clouds
541,Ilheus,BR,-14.7889,-39.0494,71.28,91,100,2.93,overcast clouds
542,Passo De Camaragibe,BR,-9.2368,-35.4901,75.2,94,75,1.14,broken clouds
543,Anamur,TR,36.0751,32.8369,44.6,49,40,6.91,scattered clouds
544,Oktyabrskiy,RU,54.4815,53.471,25.07,98,89,6.15,overcast clouds
545,Mastic Beach,US,40.7668,-72.8521,17.6,49,1,17.27,clear sky
546,Harlingen,US,26.1906,-97.6961,64.0,100,1,6.91,clear sky
547,Ucluelet,CA,48.9329,-125.5528,42.01,90,100,4.0,light rain
548,Sumbe,AO,-11.2061,13.8437,74.71,79,97,5.06,overcast clouds
549,Plainview,US,40.7765,-73.4673,18.0,49,1,8.05,clear sky
550,Hue,VN,16.4667,107.6,75.2,73,40,12.66,scattered clouds
551,Hirara,JP,24.8,125.2833,66.2,52,40,11.5,scattered clouds
552,Trinidad,BO,-14.8333,-64.9,74.16,87,100,4.34,overcast clouds
553,Campo Maior,BR,-4.8278,-42.1686,74.08,93,100,3.02,overcast clouds
554,Channel-Port Aux Basques,CA,47.5702,-59.1367,26.11,92,100,15.77,overcast clouds
555,Comodoro Rivadavia,AR,-45.8667,-67.5,48.2,71,0,3.44,clear sky
556,Iwaki,JP,37.05,140.8833,39.0,41,4,7.0,clear sky
557,Nouakchott,MR,18.0858,-15.9785,60.8,23,87,8.05,overcast clouds
558,Arua,UG,3.0201,30.9111,76.87,41,73,8.77,broken clouds
559,Machali,CL,-34.1833,-70.6667,58.82,71,98,3.56,overcast clouds
560,Pundaguitan,PH,6.3711,126.1689,80.98,78,100,19.13,light rain
561,Qaqortoq,GL,60.7167,-46.0333,41.0,33,75,29.93,broken clouds
562,Severo-Yeniseyskiy,RU,60.3725,93.0408,-35.16,82,87,4.16,overcast clouds
563,Sisimiut,GL,66.9395,-53.6735,8.58,91,22,10.27,few clouds
564,Sao Filipe,CV,14.8961,-24.4956,75.07,55,99,11.39,overcast clouds
565,Cumberland,US,35.0502,-78.8664,30.0,80,1,1.88,clear sky
566,Alofi,NU,-19.0595,-169.9187,77.0,94,100,10.36,light rain
567,Brae,GB,60.3964,-1.353,35.6,64,75,11.5,broken clouds
568,Shahrud,IR,36.4182,54.9763,46.13,51,44,12.26,scattered clouds
569,La Palma,US,33.8464,-118.0467,48.2,100,1,4.61,clear sky
570,Mega,ET,4.05,38.3,67.57,27,54,19.57,broken clouds
571,Tessalit,ML,20.1986,1.0114,58.24,30,0,11.39,clear sky
572,Bonavista,CA,48.6499,-53.1147,28.0,100,100,5.75,overcast clouds
573,Vilyuysk,RU,63.7553,121.6247,-40.04,78,100,2.42,overcast clouds
574,Balabac,PH,7.9868,117.0645,82.11,75,54,20.94,light rain
575,Waw,SS,7.7029,27.9953,74.97,18,79,9.13,broken clouds
576,Dzilam Gonzalez,MX,21.2833,-88.9333,64.9,78,0,6.46,clear sky
577,Springbok,ZA,-29.6643,17.8865,66.2,18,0,4.61,clear sky
578,Huancabamba,PE,-5.2386,-79.4506,58.23,80,98,3.09,overcast clouds
579,Ruwi,OM,23.5996,58.5507,75.2,50,0,3.44,clear sky
580,Tutoia,BR,-2.7619,-42.2744,79.39,84,33,13.33,scattered clouds
581,Baruun-Urt,MN,46.6806,113.2792,4.32,93,73,9.4,broken clouds
582,Kaeo,NZ,-35.1,173.7833,66.99,63,48,8.01,scattered clouds
583,Saint-Gaudens,FR,43.0833,0.6667,48.2,93,90,3.44,overcast clouds
584,Patan,NP,27.6667,85.3333,59.0,44,20,3.44,few clouds
585,Krasnozatonskiy,RU,61.6758,50.9794,24.8,93,90,8.95,light snow
586,Dwarka,IN,22.2394,68.9678,72.64,33,22,12.91,few clouds
587,Hays,US,30.0502,-98.0336,57.99,87,96,5.99,overcast clouds
588,Puerto Madryn,AR,-42.7692,-65.0385,57.67,57,0,8.39,clear sky
589,Tenenkou,ML,14.4572,-4.9169,65.95,25,72,11.34,broken clouds
590,Ahuimanu,US,21.4447,-157.8378,75.2,78,75,13.8,broken clouds
591,Lagoa,PT,39.05,-27.9833,60.64,88,100,20.0,overcast clouds
592,Anadyr,RU,64.75,177.4833,-11.2,70,0,4.27,clear sky
593,Guaira,BR,-20.3183,-48.3106,68.13,79,100,1.19,overcast clouds
594,Luena,AO,-11.7833,19.9167,63.48,91,68,3.27,broken clouds
595,Poum,NC,-20.2333,164.0167,79.93,77,26,8.16,scattered clouds
596,Lovozero,RU,68.005,35.0117,4.46,93,100,7.47,light snow
597,Guilin,CN,25.2819,110.2864,59.0,51,90,2.24,haze
598,Tukrah,LY,32.5341,20.5791,60.19,80,32,18.99,scattered clouds
599,Porto Nacional,BR,-10.7081,-48.4172,73.4,94,40,3.44,scattered clouds
600,Alindao,CF,5.0267,21.2088,73.42,68,66,2.26,broken clouds
601,Douentza,ML,14.9951,-2.9517,58.98,31,67,3.22,broken clouds
602,Lindsay,US,36.203,-119.0882,43.0,87,1,4.61,clear sky
603,Colinas,BR,-6.0258,-44.2492,71.78,94,100,0.83,overcast clouds
604,The Pas,CA,53.8251,-101.2541,12.2,85,90,3.44,overcast clouds
605,Krasnoselkup,RU,65.7,82.4667,-31.97,79,20,2.66,few clouds
606,Rampur,IN,28.8167,79.0333,65.37,28,0,8.63,clear sky
607,Biu,NG,10.6129,12.1946,59.63,35,0,8.99,clear sky
608,Myrtle Beach,US,33.6891,-78.8867,30.99,86,1,3.44,clear sky
609,Leshukonskoye,RU,64.8989,45.7622,16.43,97,100,8.23,light snow
610,Lazaro Cardenas,MX,17.9583,-102.2,73.96,79,85,2.98,overcast clouds
611,San Ignacio,BZ,17.1561,-89.0714,69.8,94,90,2.84,overcast clouds
612,Komsomolskiy,UZ,40.4272,71.7189,42.8,33,54,3.47,broken clouds
613,Tommot,RU,58.9564,126.2925,-28.34,79,100,0.81,overcast clouds
614,Hovd,MN,48.0056,91.6419,22.48,66,100,0.96,overcast clouds
615,Dolinsk,RU,47.35,142.8,19.4,73,40,11.18,snow
616,Zanjan,IR,36.6736,48.4787,37.4,75,20,18.41,few clouds
617,Black River,JM,18.0264,-77.8487,77.0,73,20,10.36,few clouds
618,Labuhan,ID,-6.8844,112.2051,79.65,85,100,21.23,overcast clouds
619,Kupang,ID,-10.1667,123.5833,78.8,94,75,8.05,moderate rain
620,Srednekolymsk,RU,67.45,153.6833,-35.39,83,99,2.55,overcast clouds
621,Gonzales,US,30.2385,-90.9201,44.6,93,1,5.95,clear sky
622,Flin Flon,CA,54.7682,-101.865,8.92,96,98,4.7,overcast clouds
623,Mikhaylovka,RU,50.06,43.2379,33.91,94,100,23.6,snow
624,Zhezkazgan,KZ,47.8043,67.7144,19.13,94,100,13.33,overcast clouds
625,Sile,TR,41.1754,29.6133,51.01,76,75,5.75,broken clouds
626,Senneterre,CA,48.3835,-77.2328,-0.4,85,90,6.91,light snow
627,Kralendijk,BQ,12.15,-68.2667,77.0,78,15,9.22,few clouds
628,Tanete,ID,-3.9443,119.7848,90.27,51,94,11.99,overcast clouds
629,Nampula,MZ,-15.1165,39.2666,77.0,88,75,6.91,broken clouds
630,Darnah,LY,32.767,22.6367,63.18,55,31,28.7,scattered clouds
631,San Marcos,US,33.1434,-117.1661,46.99,93,1,2.42,clear sky
632,Iqaluit,CA,63.7506,-68.5145,-11.0,70,1,19.57,snow
633,Avera,US,33.194,-82.5271,33.8,80,1,3.44,clear sky
634,Seoul,KR,37.5683,126.9778,42.8,52,20,8.05,haze
635,San Quintin,MX,30.4833,-115.95,54.59,74,3,3.91,clear sky
636,Zabaykalsk,RU,49.6333,117.3167,-13.22,83,49,5.84,scattered clouds
637,Yinchuan,CN,38.4681,106.2731,36.45,58,84,3.78,broken clouds
638,Juba,SS,4.8517,31.5825,85.5,13,58,8.72,broken clouds
639,Matlock,GB,53.1384,-1.5556,36.0,89,100,5.01,light snow
640,Middle Island,US,40.8843,-72.9373,17.6,49,1,17.27,clear sky
641,Stephenville,US,32.2207,-98.2023,54.0,82,1,6.91,clear sky
642,Acapulco,MX,16.8634,-99.8901,76.12,71,68,3.42,broken clouds
643,Djougou,BJ,9.7085,1.666,73.4,13,33,10.36,scattered clouds
644,Narsaq,GL,60.9167,-46.05,41.0,33,75,29.93,broken clouds
645,Yarmouth,US,41.7057,-70.2286,21.2,68,90,12.66,overcast clouds
646,Havoysund,NO,70.9963,24.6622,21.2,73,40,8.05,scattered clouds
647,Port Lincoln,AU,-34.7333,135.8667,66.04,59,23,15.84,few clouds
648,Jiaocheng,CN,24.6774,116.1389,76.69,24,0,2.91,clear sky
649,Gornyy,RU,55.1153,83.9059,-10.44,89,59,6.2,broken clouds
650,San Cristobal,VE,7.7669,-72.225,62.87,75,53,1.72,broken clouds
651,Kandrian,PG,-6.2167,149.55,87.17,66,84,14.94,broken clouds
652,Kursenai,LT,55.985,22.9189,26.6,93,75,12.66,light snow
653,Florianopolis,BR,-27.6146,-48.5012,77.0,88,40,9.22,scattered clouds
654,Taltal,CL,-25.4,-70.4833,63.07,75,1,1.72,clear sky
655,Thiruvananthapuram,IN,8.4833,76.9167,87.8,62,20,2.75,haze
656,Aksarka,RU,66.5606,67.7975,-36.54,81,76,4.34,broken clouds
657,Noumea,NC,-22.2763,166.4572,82.4,61,0,23.02,clear sky
658,Bismarck,US,46.8083,-100.7837,24.8,86,90,8.05,mist
659,Suphan Buri,TH,14.4742,100.1222,86.0,48,100,4.0,overcast clouds
660,Kieta,PG,-6.2167,155.6333,83.3,77,44,13.56,light rain
661,Tazovskiy,RU,67.4667,78.7,-37.43,79,0,3.47,clear sky
662,Banda Aceh,ID,5.5577,95.3222,85.3,67,72,15.43,broken clouds
663,Bar Harbor,US,44.3876,-68.2039,12.99,72,1,9.22,clear sky
664,Koosa,EE,58.5255,27.0795,27.0,93,90,11.5,overcast clouds
665,Tezu,IN,27.9167,96.1667,74.86,24,69,4.05,broken clouds
666,Bani,DO,18.2833,-70.3333,73.99,100,6,10.98,clear sky
667,Inuvik,CA,68.3499,-133.7218,-29.2,68,85,3.44,overcast clouds
668,Mach,PK,29.8637,67.3298,63.05,20,26,1.59,scattered clouds
669,Santa Cruz Del Sur,CU,20.7147,-77.9956,66.63,74,1,15.21,light rain
670,Changji,CN,44.0167,87.3167,8.6,92,51,2.24,mist
671,Tateyama,JP,34.9833,139.8667,50.0,37,20,4.61,few clouds
672,Mariestad,SE,58.7097,13.8237,15.01,85,0,7.78,clear sky
673,Dalbandin,PK,28.8947,64.4101,65.79,17,1,2.3,clear sky
674,Serpa,PT,37.9458,-7.5975,57.2,94,90,14.97,fog
675,Skjervoy,NO,70.0311,20.9714,20.61,89,0,13.8,clear sky
676,Tirano,IT,46.2154,10.1679,39.99,67,2,6.67,clear sky
